astro/adb a/adb.1
astro/andrew a/andrew.1
astro/bart b/bart.1
astro/bwk b/bwk.1
astro/ches c/ches.1
astro/dmr d/dmr.1
astro/doug d/doug.1
astro/ehg e/ehg.1
astro/gerard g/gerard.1
astro/hobby h/hobby.1
astro/howard h/howard.1
astro/judy j/judy.1
astro/kahrs k/kahrs.1
astro/ken k/ken.1
astro/pg p/pg.1
astro/philw p/philw.1
astro/pjw p/pjw.1
astro/presotto p/presotto.1
astro/rob r/rob.1
astro/sean s/sean.1
astro/seanq s/seanq.1
astro/td t/td.1
astro/tom t/tom.1
astro/trickey h/howard.1
astro/unknown p/pjw.1
bartman.com/locanthi b/bart.1
bnl3.com/bart b/bart.1
closedmind.org/presotto p/presotto.1
cse.psu.edu/9fans p/pjw+9ball.2
cse.psu.edu/9fans-outgoing-owner p/pjw+9ball.2
cse.psu.edu/owner-9fans p/pjw+9ball.2
entrisphere.com/ken k/ken.1
ogi.edu/bart b/bart.1
pixar.com/td t/td.1
rentec.com/pjw p/pjw.1
research.att.com/andrew a/andrew.1
research.att.com/tom t/tom.1
rutgers.edu/kahrs k/kahrs.1
